,isbn
0,9780063050006
1,9780440001584
2,9780593100585
3,9781250767943
4,9781250268822
5,9780358197058
6,9781616207014
7,9780062941275
8,9781524796402
9,9780778311010
10,9780062943477
11,9780525539766
12,9781250249258
13,9780062980038
14,9781250759665
15,9781250241702
16,9781250174666
17,9780593099940
18,9781250178602
19,9781250232427
20,9781982134198
21,9780063005631
22,9781335912794
23,9780451492180
24,9780062878151
25,9780778311027
26,9780593158807
27,9780593099483
28,9781984881663
29,9780399182280
30,9781250245496
31,9781982151591
32,9781250213594
33,9781635575422
34,9781951142247
35,9781250772800
36,9780593201602
37,9780593200124
38,9781683691686
39,9781250273017
40,9781492682721
41,9780062457400
42,9781984804785
43,9780062933966
44,9780593191200
45,9781525810008
46,9780063016408
47,9781728215693
48,9780525520351
49,9781250624161
50,9780778389330
51,9780593101902
52,9781250269546
53,9780063000803
54,9781594487330
55,9780062955456
56,9780593230954
57,9781335430991
58,9780062662620
59,9780593198629
60,9780593198124
61,9781984803160
62,9781641292696
63,9781982100599
64,9781984806130
65,9780062667632
66,9781250767028
67,9780063005549
68,9780062942852
69,9780593133842
70,9780735224650
71,9780316422048
72,9781982108847
73,9781982137335
74,9780593132852
75,9781982123949
76,9780062881922
77,9781534437678
78,9780765387561
79,9780778310150
80,9781501160837
81,9780062872937
82,9780593199305
83,9781635575637
84,9780062982650
85,9780593101605
86,9781984805409
87,9781984805706
88,9780525658184
89,9780525559474
90,9780062969651
91,9780593128480
92,9780062968500
93,9781984818355
94,9781250198709
95,9781501188817
96,9780062878366
97,9780062890078
98,9780062959928
99,9781524744618
100,9781250219688
101,9781524733452
102,9780062356345
103,9781984803276
104,9781250313225
105,9781250769862
106,9780062858108
107,9780593230251
108,9780451464415
109,9781250142894
110,9781250219367
111,9781538715918
112,9781984821348
113,9780802149121
114,9781728206141
115,9781982136451
116,9780593156858
117,9780525510444
118,9780062679161
119,9780062248572
120,9780062914095
121,9780525536291
122,9781984826787
123,9780062678164
124,9781728215723
125,9780062868930
126,9780399178955
127,9780593100813
128,9780062941237
129,9781501165429
130,9780525620785
131,9781250151360
132,9780062973054
133,9781538716625
134,9781524745172
135,9781984803627
136,9780062967282
137,9780062839077
138,9781984806239
139,9781984806734
140,9781250248732
141,9780062367686
142,9780399590917
143,9781594634697
144,9781501133510
145,9781250229861
146,9780593102527
147,9780451491756
148,9781683691433
149,9781250154224
150,9780593085424
151,9781538715642
152,9781250149442
153,9780525429760
154,9780062878137
155,9780358164081
156,9781984819888
157,9781984806116
158,9780385544801
159,9781250237279
160,9780593098660
161,9781982145217
162,9780062958501
163,9780451490742
164,9780062941503
165,9781982137441
166,9780593135235
167,9780525521143
168,9780062838209
169,9780593100066
170,9780062914804
171,9781942658702
172,9780778369110
173,9780385348713
174,9780451492074
175,9781250236609
176,9781984878618
177,9781250207203
178,9781250219596
179,9780062909879
180,9780440000174
181,9781984820150
182,9781525836268
183,9780062872852
184,9780062931092
185,9781492666905
186,9781250087331
187,9780062938558
188,9781250209764
189,9781984805171
190,9781982126766
191,9780525540670
192,9781984854780
193,9781984806468
194,9781525805981
195,9780062913722
196,9780778330776
197,9781525809781
198,9780593100349
199,9780525541905
200,9781524742904
201,9780593099131
202,9781643851631
203,9780525542315
204,9781984806093
205,9781984855176
206,9781984802682
207,9780062964564
208,9781250103482
209,9780062941206
210,9781501190100
211,9781643851358
212,9780385541213
213,9780316485340
214,9781534439863
215,9780316449885
216,9781250313072
217,9780385539302
218,9781538731338
219,9781984805423
220,9781616209131
221,9781984802217
222,9781984806376
223,9780062200679
224,9781982135706
225,9781250265708
226,9780399562488
227,9780358023937
228,9780812996548
229,9780451492470
230,9780062913463
231,9780062890047
232,9781250204448
233,9780399590597
234,9781984805386
235,9780393652703
236,9781984805683
237,9781476749297
238,9780062958464
239,9780062963673
240,9780525656159
241,9780525535270
242,9780062878342
243,9781250047328
244,9781524796747
245,9781984823793
246,9780451489425
247,9781984818232
248,9781250317995
249,9780812992861
250,9781984803788
251,9780062878090
252,9780062858085
253,9781501188770
254,9780440000860
255,9781250142863
256,9781524744588
257,9781250219657
258,9781984802194
259,9781982135669
260,9780062855312
261,9780062390011
262,9780062692078
263,9780525620754
264,9781525834257
265,9781524745141
266,9780399563058
267,9780451491879
268,9780399182105
269,9780385537070
270,9780062872838
271,9781524759780
272,9781250174611
273,9781594634734
274,9780525619246
275,9781984802798
276,9781984803252
277,9781492689386
278,9780778307747
279,9781501133480
280,9781250126108
281,9780425281291
282,9780062839053
283,9780062862822
284,9781328974648
285,9780451490827
286,9781501128035
287,9781250195524
288,9781250316776
289,9781250295637
290,9781984853752
291,9781492671527
292,9780525539889
293,9780385543897
294,9781250200358
295,9781683319979
296,9781250120922
297,9781524796372
298,9780374156022
299,9780385541381
300,9781400069996
301,9781984822178
302,9781635572582
303,9780525511380
304,9781501196010
305,9780451491725
306,9781328577856
307,9780525521877
308,9780399587047
309,9780451492159
310,9780778369356
311,9780451490711
312,9781524798628
313,9780778369103
314,9780802129031
315,9781250137661
316,9780062358202
317,9781984802439
318,9781250105684
319,9781524799014
320,9781626728080
321,9780525622109
322,9780544808256
323,9781250301697
324,9780062740373
325,9781635570298
326,9781250202444
327,9781101885994
328,9781101990513
329,9781492666868
330,9780345540027
331,9781250133731
332,9781501190070
333,9781616206772
334,9781524799717
335,9781501197406
336,9781328473011
337,9780765399298
338,9780440000457
339,9780743298070
340,9780812994162
341,9780399586101
342,9780525509509
343,9781984823014
344,9780385544238
345,9780374123697
346,9780399593512
347,9781250067869
348,9780525511748
349,9780316491341
350,9781328987822
351,9781524747800
352,9781250069825
353,9781250066206
354,9780316449717
355,9780062663849
356,9781250087300
357,9780802128782
358,9780735224629
359,9780399587689
360,9780062684561
361,9781451649390
362,9781476740188
363,9781984828095
364,9780525574682
365,9781501194900
366,9780316176637
367,9781250193162
368,9780778330783
369,9781501165856
370,9781250182265
371,9780756414764
372,9780451492678
373,9781250295187
374,9780812997415
375,9781492657965
376,9780425283523
377,9780451489111
378,9780440000785
379,9781524742959
380,9781250164193
381,9780451489395
382,9780399178788
383,9781250191984
384,9781492665274
385,9781250295163
386,9780316547185
387,9780399584466
388,9780385542722
389,9781101966310
390,9780425286166
391,9781681777665
392,9780399180989
393,9781501170065
394,9781250170750
395,9780525521228
396,9781501160790
397,9780399178924
398,9781250154194
399,9780451490803
400,9780062676788
401,9780525520375
402,9781250151339
403,9781250086082
404,9780451490346
405,9780451488411
406,9780735214767
407,9780374228194
408,9780804178020
409,9781501153198
410,9781492656623
411,9781101967386
412,9780062696793
413,9780399585326
414,9781501156212
415,9780735218727
416,9781683690139
417,9781501154645
418,9780399180163
419,9781631494130
420,9780316556347
421,9780399592867
422,9780062427052
423,9780451495327
424,9780399587924
425,9781594488405
426,9780385542418
427,9780425281314
428,9781250144843
429,9781476717807
430,9780062389923
431,9780451490537
432,9780062686664
433,9780812996067
434,9781250074256
435,9780451476203
436,9780399586934
437,9780525522874
438,9780062678966
439,9780312577230
440,9781250105639
441,9780425284124
442,9781616201340
443,9780399592881
444,9780399585968
445,9780399590504
446,9781101885963
447,9781492646617
448,9780735213180
449,9780062678416
450,9780399587665
451,9781250130921
452,9780393608533
453,9780399585272
454,9780765393586
455,9780399562457
456,9780399586064
457,9781400069903
458,9780062678102
459,9780399593482
460,9780062694058
461,9781627792769
462,9780062663726
463,9781250124029
464,9780316435314
465,9780553448122
466,9780062313119
467,9781250087270
468,9780062667571
469,9780393249897
470,9781476716732
471,9781101946152
472,9780062663115
473,9781501137471
474,9780451488756
475,9780062693983
476,9780803741492
477,9780062659057
478,9780804176750
479,9780735214316
480,9780778328735
481,9780062685346
482,9780735224292
483,9781501162893
484,9780374203108
485,9781250106490
486,9781524741990
487,9780735223493
488,9780393254815
489,9780393635027
490,9781250066190
491,9780399178481
492,9781250141439
493,9781492647454
494,9780385541787
495,9781616205041
496,9780812989465
497,9781250121288
498,9780399174131
499,9781476789323
500,9780525954460
501,9780062105714
502,9780385343299
503,9781101985366
504,9781501156007
505,9781616205225
506,9781101990483
507,9780425284025
508,9780451495587
509,9780062645227
510,9780765392039
511,9780735216525
512,9780062654199
513,9781501139239
514,9781101987797
515,9781501116841
516,9780062289254
517,9780062661098
518,9780393609394
519,9780062651259
520,9780735220683
521,9781616206888
522,9780062129383
523,9780778330165
524,9781492649359
525,9780307959577
526,9781501160769
527,9780062460226
528,9780451493583
529,9780385534246
530,9780345527868
531,9781681773643
532,9781101886724
533,9780385350907
534,9780812989403
535,9780399585012
536,9780062469687
537,9781492635826
538,9781101875681
539,9780399574634
540,9781612195971
541,9780553391961
542,9781101985595
543,9781501154829
544,9780062563668
545,9780812989885
546,9780062271631
547,9780393609097
548,9780399162107
549,9780399563089
550,9780425284155
551,9780812998269
552,9780062356260
553,9781101988299
554,9781101985137
555,9781101906750
556,9781101885932
557,9781101905609
558,9780425285046
559,9781250105608
560,9780812997279
561,9781250111173
562,9781616205812
563,9780385353540
564,9780062427021
565,9780062451941
566,9781400069880
567,9780385541527
568,9780062225559
569,9780804178808
570,9780374534974
571,9781476799209
572,9780062290427
573,9780399174490
574,9780062656285
575,9781594203985
576,9781492637257
577,9780399184512
578,9781250057181
579,9780670026333
580,9780544527959
581,9781250090034
582,9780062409201
583,9780345544957
584,9780316403436
585,9780345540676
586,9781250103420
587,9780345539960
588,9781101988664
589,9780062467256
590,9781616206178
591,9780451495976
592,9781501133862
593,9780062491794
594,9780393293012
595,9781632864499
596,9781250078551
597,9781101984994
598,9780393241655
599,9780735221086
600,9780812996395
601,9781101981207
602,9781250121004
603,9781250022134
604,9780062405616
605,9781101991633
606,9781250061577
607,9781101875612
608,9781101904220
609,9780399165214
610,9780393241686
611,9781250069795
612,9781101965085
613,9780385541404
614,9781250097910
615,9781501132933
616,9780143108573
617,9781101988640
618,9781250063700
619,9781101947135
620,9780385540599
621,9780316228046
622,9780393245448
623,9781501126222
624,9780812998320
625,9780804141260
626,9781250092144
627,9781501142536
628,9781501124372
629,9781101875940
630,9780312380366
631,9780062200631
632,9780062083456
633,9781101987490
634,9780393285543
635,9780385540162
636,9781476777405
637,9781101883075
638,9780804177900
639,9780373789764
640,9781605989747
641,9780765385505
642,9781501121043
643,9780399174469
644,9780399175169
645,9781400068326
646,9780451474476
647,9781101875599
648,9780525955092
649,9780399169496
650,9781501124211
651,9781451686630
652,9780062388148
653,9780812993103
654,9781616205027
655,9780062414212
656,9780143128489
657,9780399174124
658,9780373789177
659,9780525954576
660,9781612195001
661,9780062105684
662,9780062413710
663,9780385540025
664,9780553391923
665,9780399160301
666,9780345528698
667,9781492623441
668,9780385539289
669,9781250074539
670,9780385541039
671,9781250051905
672,9780345545961
673,9780062413864
674,9780316342513
675,9781400067695
676,9781501116971
677,9781940456362
678,9780374290252
679,9780385539463
680,9780425260746
681,9781501107832
682,9781455525928
683,9781101874141
684,9781616203573
685,9780399171314
686,9780385540353
687,9780670025770
688,9780062351425
689,9780525954330
690,9780385353779
691,9780393248678
692,9780812998689
693,9781616204136
694,9780525426592
695,9781250069177
696,9781492617891
697,9780804178778
698,9781476798172
699,9780062390547
700,9781616202613
701,9781594634475
702,9780393239294
703,9781250077004
704,9780544409910
705,9780399174001
706,9781250049582
707,9781250077172
708,9781605988443
709,9781501105432
710,9781616204204
711,9781631490477
712,9780804177993
713,9781451693591
714,9781250022080
715,9781501112317
716,9780761184997
717,9780062364838
718,9781476743653
719,9780373780129
720,9780345534187
721,9780345544049
722,9781476776880
723,9781455586738
724,9781250034588
725,9780525429142
726,9781501115066
727,9780385342940
728,9781101875049
729,9781476789255
730,9781250063694
731,9780553418774
732,9780316334525
733,9780062290397
734,9781400063369
735,9781250054807
736,9780316176538
737,9780385352871
738,9781250028594
739,9780544330146
740,9781101875896
741,9781619634442
742,9780804179034
743,9780307700322
744,9780062190376
745,9780385539586
746,9780812993158
747,9781455557103
748,9780061670893
749,9780804178112
750,9781476717777
751,9780385523233
752,9780062311115
753,9781492602026
754,9780062225467
755,9780425270189
756,9781451694147
757,9780316212243
758,9780062362858
759,9780316284943
760,9780399172779
761,9780812996678
762,9780307408860
763,9780062224101
764,9781476778068
765,9781612194424
766,9780804178426
767,9780385539043
768,9781250056450
769,9780062282569
770,9780345531797
771,9780062072948
772,9780062339485
773,9780765376459
774,9781101874271
775,9780399169526
776,9781250019837
777,9780345539939
778,9780345539816
779,9781616954765
780,9781594633669
781,9781402298684
782,9780804176378
783,9780804178983
784,9781476767314
785,9781402294518
786,9781616954239
787,9780316225939
788,9780062127181
789,9781605986586
790,9780547628400
791,9780062068514
792,9780393245622
793,9780802123213
794,9780143126478
795,9780062365583
796,9780062225061
797,9781250057150
798,9781476764023
799,9781616149987
800,9781250035608
801,9780345544926
802,9781455553617
803,9780307700315
804,9781439187036
805,9781250046369
806,9780393240238
807,9780670026326
808,9780385536998
809,9780061957956
810,9781594745263
811,9781402258732
812,9780385353304
813,9780385539708
814,9780062223197
815,9781594633119
816,9781400067244
817,9780062306814
818,9781476749785
819,9780670015672
820,9781402294457
821,9780399167065
822,9780062106070
823,9780765375865
824,9780062237194
825,9780062259301
826,9780385534833
827,9780393243024
828,9780062290366
829,9780316250818
830,9780670014736
831,9781594205194
832,9780525426585
833,9781616148850
834,9781250049377
835,9781594746857
836,9780062132529
837,9780446578936
838,9780062309662
839,9780316099752
840,9780804138819
841,9780345537263
842,9781476764580
843,9780812993271
844,9780812992892
845,9780393089578
846,9780804138567
847,9781476746586
848,9781250045638
849,9781455574032
850,9780385741262
851,9780062259653
852,9780062331151
853,9781400069620
854,9781402282485
855,9781451655094
856,9781250043368
857,9780316324687
858,9780062205742
859,9780307377937
860,9781476733807
861,9780802122643
862,9780393060058
863,9780451419484
864,9780316243391
865,9781616203214
866,9781451627930
867,9780547792774
868,9780761178972
869,9780802122346
870,9780399165528
871,9781250041197
872,9780812995206
873,9780062014559
874,9780385348454
875,9780804137447
876,9780062291400
877,9780345539786
878,9780062088253
879,9780307379979
880,9780385537629
881,9780062083395
882,9780385533508
883,9780385538497
884,9780062285539
885,9780804139021
886,9781250019806
887,9780385344050
888,9781612192642
889,9780770436858
890,9780062196248
891,9780062279972
892,9780393240825
893,9780062236739
894,9780679643753
895,9780307958846
896,9780143124733
897,9781476705996
898,9780553808032
899,9781250039569
900,9780062068545
901,9780765332066
902,9780307452955
903,9780143121558
904,9780307269874
905,9780062136589
906,9780385530903
907,9780871403766
908,9780316218955
909,9780062105653
910,9781616953041
911,9781250028969
912,9781476711959
913,9780312606848
914,9780062107312
915,9781402284281
916,9780385351232
917,9780812995862
918,9780062069184
919,9780307265746
920,9780061941023
921,9780807001813
922,9780811221665
923,9781612193496
924,9781476729084
925,9780316055437
926,9781594486432
927,9780307718969
928,9780345522023
929,9780316243919
930,9781451645606
931,9780778315339
932,9780312655471
933,9781400067886
934,9781250030955
935,9780060779634
